"filename", "language", "TypeScript", "JavaScript", "JSON", "JSON with Comments", "Markdown", "YAML", "TypeScript JSX", "CSS", "HTML", "XML", "Shell Script", "Ignore", "PL/SQL", "Docker", "Properties", "comment", "blank", "total"
"/Users/Doanh/Documents/TermD2024-2025/CS3733/team-f/.dockerignore", "Ignore", 0, 0, 0, 0, 0, 0, 0, 0, 0, 0, 0, 24, 0, 0, 0, 0, 8, 32
"/Users/Doanh/Documents/TermD2024-2025/CS3733/team-f/.github/workflows/build-pipeline.yml", "YAML", 0, 0, 0, 0, 0, 33, 0, 0, 0, 0, 0, 0, 0, 0, 0, 3, 1, 37
"/Users/Doanh/Documents/TermD2024-2025/CS3733/team-f/.github/workflows/test-on-pr.yml", "YAML", 0, 0, 0, 0, 0, 31, 0, 0, 0, 0, 0, 0, 0, 0, 0, 6, 1, 38
"/Users/Doanh/Documents/TermD2024-2025/CS3733/team-f/.prettierrc.cjs", "JavaScript", 0, 1, 0, 0, 0, 0, 0, 0, 0, 0, 0, 0, 0, 0, 0, 0, 1, 2
"/Users/Doanh/Documents/TermD2024-2025/CS3733/team-f/.yarn/releases/yarn-4.7.0.cjs", "JavaScript", 0, 553, 0, 0, 0, 0, 0, 0, 0, 0, 0, 0, 0, 0, 0, 330, 53, 936
"/Users/Doanh/Documents/TermD2024-2025/CS3733/team-f/.yarn/sdks/eslint/bin/eslint.js", "JavaScript", 0, 23, 0, 0, 0, 0, 0, 0, 0, 0, 0, 0, 0, 0, 0, 2, 8, 33
"/Users/Doanh/Documents/TermD2024-2025/CS3733/team-f/.yarn/sdks/eslint/lib/api.js", "JavaScript", 0, 23, 0, 0, 0, 0, 0, 0, 0, 0, 0, 0, 0, 0, 0, 2, 8, 33
"/Users/Doanh/Documents/TermD2024-2025/CS3733/team-f/.yarn/sdks/eslint/lib/config-api.js", "JavaScript", 0, 23, 0, 0, 0, 0, 0, 0, 0, 0, 0, 0, 0, 0, 0, 2, 8, 33
"/Users/Doanh/Documents/TermD2024-2025/CS3733/team-f/.yarn/sdks/eslint/lib/types/config-api.d.ts", "TypeScript", 23, 0, 0, 0, 0, 0, 0, 0, 0, 0, 0, 0, 0, 0, 0, 2, 8, 33
"/Users/Doanh/Documents/TermD2024-2025/CS3733/team-f/.yarn/sdks/eslint/lib/types/index.d.ts", "TypeScript", 23, 0, 0, 0, 0, 0, 0, 0, 0, 0, 0, 0, 0, 0, 0, 2, 8, 33
"/Users/Doanh/Documents/TermD2024-2025/CS3733/team-f/.yarn/sdks/eslint/lib/types/rules.d.ts", "TypeScript", 23, 0, 0, 0, 0, 0, 0, 0, 0, 0, 0, 0, 0, 0, 0, 2, 8, 33
"/Users/Doanh/Documents/TermD2024-2025/CS3733/team-f/.yarn/sdks/eslint/lib/types/universal.d.ts", "TypeScript", 23, 0, 0, 0, 0, 0, 0, 0, 0, 0, 0, 0, 0, 0, 0, 2, 8, 33
"/Users/Doanh/Documents/TermD2024-2025/CS3733/team-f/.yarn/sdks/eslint/lib/types/use-at-your-own-risk.d.ts", "TypeScript", 23, 0, 0, 0, 0, 0, 0, 0, 0, 0, 0, 0, 0, 0, 0, 2, 8, 33
"/Users/Doanh/Documents/TermD2024-2025/CS3733/team-f/.yarn/sdks/eslint/lib/universal.js", "JavaScript", 0, 23, 0, 0, 0, 0, 0, 0, 0, 0, 0, 0, 0, 0, 0, 2, 8, 33
"/Users/Doanh/Documents/TermD2024-2025/CS3733/team-f/.yarn/sdks/eslint/lib/unsupported-api.js", "JavaScript", 0, 23, 0, 0, 0, 0, 0, 0, 0, 0, 0, 0, 0, 0, 0, 2, 8, 33
"/Users/Doanh/Documents/TermD2024-2025/CS3733/team-f/.yarn/sdks/eslint/package.json", "JSON", 0, 0, 31, 0, 0, 0, 0, 0, 0, 0, 0, 0, 0, 0, 0, 0, 1, 32
"/Users/Doanh/Documents/TermD2024-2025/CS3733/team-f/.yarn/sdks/integrations.yml", "YAML", 0, 0, 0, 0, 0, 0, 0, 0, 0, 0, 0, 0, 0, 0, 0, 2, 2, 4
"/Users/Doanh/Documents/TermD2024-2025/CS3733/team-f/.yarn/sdks/prettier/bin/prettier.cjs", "JavaScript", 0, 23, 0, 0, 0, 0, 0, 0, 0, 0, 0, 0, 0, 0, 0, 2, 8, 33
"/Users/Doanh/Documents/TermD2024-2025/CS3733/team-f/.yarn/sdks/prettier/index.cjs", "JavaScript", 0, 23, 0, 0, 0, 0, 0, 0, 0, 0, 0, 0, 0, 0, 0, 2, 8, 33
"/Users/Doanh/Documents/TermD2024-2025/CS3733/team-f/.yarn/sdks/prettier/package.json", "JSON", 0, 0, 7, 0, 0, 0, 0, 0, 0, 0, 0, 0, 0, 0, 0, 0, 1, 8
"/Users/Doanh/Documents/TermD2024-2025/CS3733/team-f/.yarn/sdks/typescript/lib/tsc.js", "JavaScript", 0, 23, 0, 0, 0, 0, 0, 0, 0, 0, 0, 0, 0, 0, 0, 2, 8, 33
"/Users/Doanh/Documents/TermD2024-2025/CS3733/team-f/.yarn/sdks/typescript/lib/tsserver.js", "JavaScript", 0, 153, 0, 0, 0, 0, 0, 0, 0, 0, 0, 0, 0, 0, 0, 58, 38, 249
"/Users/Doanh/Documents/TermD2024-2025/CS3733/team-f/.yarn/sdks/typescript/lib/tsserverlibrary.js", "JavaScript", 0, 153, 0, 0, 0, 0, 0, 0, 0, 0, 0, 0, 0, 0, 0, 58, 38, 249
"/Users/Doanh/Documents/TermD2024-2025/CS3733/team-f/.yarn/sdks/typescript/lib/typescript.js", "JavaScript", 0, 23, 0, 0, 0, 0, 0, 0, 0, 0, 0, 0, 0, 0, 0, 2, 8, 33
"/Users/Doanh/Documents/TermD2024-2025/CS3733/team-f/.yarn/sdks/typescript/package.json", "JSON", 0, 0, 10, 0, 0, 0, 0, 0, 0, 0, 0, 0, 0, 0, 0, 0, 1, 11
"/Users/Doanh/Documents/TermD2024-2025/CS3733/team-f/.yarnrc.yml", "YAML", 0, 0, 0, 0, 0, 3, 0, 0, 0, 0, 0, 0, 0, 0, 0, 0, 3, 6
"/Users/Doanh/Documents/TermD2024-2025/CS3733/team-f/apps/backend/.prettierrc.cjs", "JavaScript", 0, 1, 0, 0, 0, 0, 0, 0, 0, 0, 0, 0, 0, 0, 0, 0, 1, 2
"/Users/Doanh/Documents/TermD2024-2025/CS3733/team-f/apps/backend/eslint.config.js", "JavaScript", 0, 2, 0, 0, 0, 0, 0, 0, 0, 0, 0, 0, 0, 0, 0, 0, 2, 4
"/Users/Doanh/Documents/TermD2024-2025/CS3733/team-f/apps/backend/nodemon.json", "JSON", 0, 0, 9, 0, 0, 0, 0, 0, 0, 0, 0, 0, 0, 0, 0, 0, 1, 10
"/Users/Doanh/Documents/TermD2024-2025/CS3733/team-f/apps/backend/package.json", "JSON", 0, 0, 59, 0, 0, 0, 0, 0, 0, 0, 0, 0, 0, 0, 0, 0, 1, 60
"/Users/Doanh/Documents/TermD2024-2025/CS3733/team-f/apps/backend/readme.md", "Markdown", 0, 0, 0, 0, 96, 0, 0, 0, 0, 0, 0, 0, 0, 0, 0, 0, 40, 136
"/Users/Doanh/Documents/TermD2024-2025/CS3733/team-f/apps/backend/src/app.ts", "TypeScript", 58, 0, 0, 0, 0, 0, 0, 0, 0, 0, 0, 0, 0, 0, 0, 12, 12, 82
"/Users/Doanh/Documents/TermD2024-2025/CS3733/team-f/apps/backend/src/bin/prisma-client.ts", "TypeScript", 9, 0, 0, 0, 0, 0, 0, 0, 0, 0, 0, 0, 0, 0, 0, 2, 3, 14
"/Users/Doanh/Documents/TermD2024-2025/CS3733/team-f/apps/backend/src/bin/www.ts", "TypeScript", 76, 0, 0, 0, 0, 0, 0, 0, 0, 0, 0, 0, 0, 0, 0, 27, 16, 119
"/Users/Doanh/Documents/TermD2024-2025/CS3733/team-f/apps/backend/src/server/procedures/directories.ts", "TypeScript", 21, 0, 0, 0, 0, 0, 0, 0, 0, 0, 0, 0, 0, 0, 0, 0, 3, 24
"/Users/Doanh/Documents/TermD2024-2025/CS3733/team-f/apps/backend/src/server/procedures/employee.ts", "TypeScript", 20, 0, 0, 0, 0, 0, 0, 0, 0, 0, 0, 0, 0, 0, 0, 0, 3, 23
"/Users/Doanh/Documents/TermD2024-2025/CS3733/team-f/apps/backend/src/server/procedures/export.ts", "TypeScript", 12, 0, 0, 0, 0, 0, 0, 0, 0, 0, 0, 0, 0, 0, 0, 0, 2, 14
"/Users/Doanh/Documents/TermD2024-2025/CS3733/team-f/apps/backend/src/server/procedures/login.ts", "TypeScript", 36, 0, 0, 0, 0, 0, 0, 0, 0, 0, 0, 0, 0, 0, 0, 1, 3, 40
"/Users/Doanh/Documents/TermD2024-2025/CS3733/team-f/apps/backend/src/server/procedures/requests.ts", "TypeScript", 29, 0, 0, 0, 0, 0, 0, 0, 0, 0, 0, 0, 0, 0, 0, 0, 4, 33
"/Users/Doanh/Documents/TermD2024-2025/CS3733/team-f/apps/backend/src/server/trpc.ts", "TypeScript", 4, 0, 0, 0, 0, 0, 0, 0, 0, 0, 0, 0, 0, 0, 0, 3, 3, 10
"/Users/Doanh/Documents/TermD2024-2025/CS3733/team-f/apps/backend/tests/bruno/bruno.json", "JSON", 0, 0, 6, 0, 0, 0, 0, 0, 0, 0, 0, 0, 0, 0, 0, 0, 1, 7
"/Users/Doanh/Documents/TermD2024-2025/CS3733/team-f/apps/backend/tests/example.test.ts", "TypeScript", 15, 0, 0, 0, 0, 0, 0, 0, 0, 0, 0, 0, 0, 0, 0, 2, 5, 22
"/Users/Doanh/Documents/TermD2024-2025/CS3733/team-f/apps/backend/tsconfig.json", "JSON with Comments", 0, 0, 0, 11, 0, 0, 0, 0, 0, 0, 0, 0, 0, 0, 0, 0, 1, 12
"/Users/Doanh/Documents/TermD2024-2025/CS3733/team-f/apps/backend/turbo.json", "JSON", 0, 0, 19, 0, 0, 0, 0, 0, 0, 0, 0, 0, 0, 0, 0, 0, 1, 20
"/Users/Doanh/Documents/TermD2024-2025/CS3733/team-f/apps/backend/vitest.config.ts", "TypeScript", 6, 0, 0, 0, 0, 0, 0, 0, 0, 0, 0, 0, 0, 0, 0, 0, 2, 8
"/Users/Doanh/Documents/TermD2024-2025/CS3733/team-f/apps/frontend/.prettierrc.cjs", "JavaScript", 0, 1, 0, 0, 0, 0, 0, 0, 0, 0, 0, 0, 0, 0, 0, 0, 1, 2
"/Users/Doanh/Documents/TermD2024-2025/CS3733/team-f/apps/frontend/components.json", "JSON", 0, 0, 21, 0, 0, 0, 0, 0, 0, 0, 0, 0, 0, 0, 0, 0, 1, 22
"/Users/Doanh/Documents/TermD2024-2025/CS3733/team-f/apps/frontend/eslint.config.js", "JavaScript", 0, 2, 0, 0, 0, 0, 0, 0, 0, 0, 0, 0, 0, 0, 0, 0, 2, 4
"/Users/Doanh/Documents/TermD2024-2025/CS3733/team-f/apps/frontend/index.html", "HTML", 0, 0, 0, 0, 0, 0, 0, 0, 14, 0, 0, 0, 0, 0, 0, 0, 1, 15
"/Users/Doanh/Documents/TermD2024-2025/CS3733/team-f/apps/frontend/package.json", "JSON", 0, 0, 65, 0, 0, 0, 0, 0, 0, 0, 0, 0, 0, 0, 0, 0, 1, 66
"/Users/Doanh/Documents/TermD2024-2025/CS3733/team-f/apps/frontend/public/config.js", "JavaScript", 0, 1, 0, 0, 0, 0, 0, 0, 0, 0, 0, 0, 0, 0, 0, 1, 1, 3
"/Users/Doanh/Documents/TermD2024-2025/CS3733/team-f/apps/frontend/public/vite.svg", "XML", 0, 0, 0, 0, 0, 0, 0, 0, 0, 1, 0, 0, 0, 0, 0, 0, 0, 1
"/Users/Doanh/Documents/TermD2024-2025/CS3733/team-f/apps/frontend/readme.md", "Markdown", 0, 0, 0, 0, 105, 0, 0, 0, 0, 0, 0, 0, 0, 0, 0, 0, 51, 156
"/Users/Doanh/Documents/TermD2024-2025/CS3733/team-f/apps/frontend/src/App.tsx", "TypeScript JSX", 0, 0, 0, 0, 0, 0, 61, 0, 0, 0, 0, 0, 0, 0, 0, 0, 7, 68
"/Users/Doanh/Documents/TermD2024-2025/CS3733/team-f/apps/frontend/src/components/3dMarquee.tsx", "TypeScript JSX", 0, 0, 0, 0, 0, 0, 66, 0, 0, 0, 0, 0, 0, 0, 0, 1, 4, 71
"/Users/Doanh/Documents/TermD2024-2025/CS3733/team-f/apps/frontend/src/components/CloseButton.tsx", "TypeScript JSX", 0, 0, 0, 0, 0, 0, 15, 0, 0, 0, 0, 0, 0, 0, 0, 0, 3, 18
"/Users/Doanh/Documents/TermD2024-2025/CS3733/team-f/apps/frontend/src/components/DepartmentList.ts", "TypeScript", 39, 0, 0, 0, 0, 0, 0, 0, 0, 0, 0, 0, 0, 0, 0, 160, 2, 201
"/Users/Doanh/Documents/TermD2024-2025/CS3733/team-f/apps/frontend/src/components/DepartmentPage.tsx", "TypeScript JSX", 0, 0, 0, 0, 0, 0, 28, 0, 0, 0, 0, 0, 0, 0, 0, 2, 7, 37
"/Users/Doanh/Documents/TermD2024-2025/CS3733/team-f/apps/frontend/src/components/GenerateText.tsx", "TypeScript JSX", 0, 0, 0, 0, 0, 0, 6, 0, 0, 0, 0, 0, 0, 0, 0, 0, 3, 9
"/Users/Doanh/Documents/TermD2024-2025/CS3733/team-f/apps/frontend/src/components/NavBar.tsx", "TypeScript JSX", 0, 0, 0, 0, 0, 0, 74, 0, 0, 0, 0, 0, 0, 0, 0, 1, 4, 79
"/Users/Doanh/Documents/TermD2024-2025/CS3733/team-f/apps/frontend/src/components/ResetButton.tsx", "TypeScript JSX", 0, 0, 0, 0, 0, 0, 15, 0, 0, 0, 0, 0, 0, 0, 0, 0, 3, 18
"/Users/Doanh/Documents/TermD2024-2025/CS3733/team-f/apps/frontend/src/components/SubmitButton.tsx", "TypeScript JSX", 0, 0, 0, 0, 0, 0, 15, 0, 0, 0, 0, 0, 0, 0, 0, 0, 3, 18
"/Users/Doanh/Documents/TermD2024-2025/CS3733/team-f/apps/frontend/src/components/TextArea.tsx", "TypeScript JSX", 0, 0, 0, 0, 0, 0, 16, 0, 0, 0, 0, 0, 0, 0, 0, 0, 6, 22
"/Users/Doanh/Documents/TermD2024-2025/CS3733/team-f/apps/frontend/src/components/TextInput.tsx", "TypeScript JSX", 0, 0, 0, 0, 0, 0, 17, 0, 0, 0, 0, 0, 0, 0, 0, 0, 3, 20
"/Users/Doanh/Documents/TermD2024-2025/CS3733/team-f/apps/frontend/src/components/carousel.tsx", "TypeScript JSX", 0, 0, 0, 0, 0, 0, 84, 0, 0, 0, 0, 0, 0, 0, 0, 0, 4, 88
"/Users/Doanh/Documents/TermD2024-2025/CS3733/team-f/apps/frontend/src/components/exportCSV.tsx", "TypeScript JSX", 0, 0, 0, 0, 0, 0, 0, 0, 0, 0, 0, 0, 0, 0, 0, 0, 1, 1
"/Users/Doanh/Documents/TermD2024-2025/CS3733/team-f/apps/frontend/src/components/importCSV.tsx", "TypeScript JSX", 0, 0, 0, 0, 0, 0, 45, 0, 0, 0, 0, 0, 0, 0, 0, 2, 13, 60
"/Users/Doanh/Documents/TermD2024-2025/CS3733/team-f/apps/frontend/src/components/lottie/navigationAnimated.json", "JSON", 0, 0, 1, 0, 0, 0, 0, 0, 0, 0, 0, 0, 0, 0, 0, 0, 0, 1
"/Users/Doanh/Documents/TermD2024-2025/CS3733/team-f/apps/frontend/src/components/map/DepartmentDropdown.tsx", "TypeScript JSX", 0, 0, 0, 0, 0, 0, 81, 0, 0, 0, 0, 0, 0, 0, 0, 0, 8, 89
"/Users/Doanh/Documents/TermD2024-2025/CS3733/team-f/apps/frontend/src/components/map/DestinationDropdown.tsx", "TypeScript JSX", 0, 0, 0, 0, 0, 0, 88, 0, 0, 0, 0, 0, 0, 0, 0, 0, 8, 96
"/Users/Doanh/Documents/TermD2024-2025/CS3733/team-f/apps/frontend/src/components/map/FloorSelector.tsx", "TypeScript JSX", 0, 0, 0, 0, 0, 0, 28, 0, 0, 0, 0, 0, 0, 0, 0, 0, 4, 32
"/Users/Doanh/Documents/TermD2024-2025/CS3733/team-f/apps/frontend/src/components/map/GoogleMapSection.tsx", "TypeScript JSX", 0, 0, 0, 0, 0, 0, 163, 0, 0, 0, 0, 0, 0, 0, 0, 2, 12, 177
"/Users/Doanh/Documents/TermD2024-2025/CS3733/team-f/apps/frontend/src/components/map/MapComponent.tsx", "TypeScript JSX", 0, 0, 0, 0, 0, 0, 302, 0, 0, 0, 0, 0, 0, 0, 0, 23, 39, 364
"/Users/Doanh/Documents/TermD2024-2025/CS3733/team-f/apps/frontend/src/components/map/MapRenderer.tsx", "TypeScript JSX", 0, 0, 0, 0, 0, 0, 141, 0, 0, 0, 0, 0, 0, 0, 0, 11, 24, 176
"/Users/Doanh/Documents/TermD2024-2025/CS3733/team-f/apps/frontend/src/components/map/SearchContainer.tsx", "TypeScript JSX", 0, 0, 0, 0, 0, 0, 102, 0, 0, 0, 0, 0, 0, 0, 0, 8, 14, 124
"/Users/Doanh/Documents/TermD2024-2025/CS3733/team-f/apps/frontend/src/components/map/overlays/20PatriotOverlay.tsx", "TypeScript JSX", 0, 0, 0, 0, 0, 0, 3, 0, 0, 0, 0, 0, 0, 0, 0, 2, 1, 6
"/Users/Doanh/Documents/TermD2024-2025/CS3733/team-f/apps/frontend/src/components/map/overlays/22PatriotOverlay.tsx", "TypeScript JSX", 0, 0, 0, 0, 0, 0, 125, 0, 0, 0, 0, 0, 0, 0, 0, 13, 24, 162
"/Users/Doanh/Documents/TermD2024-2025/CS3733/team-f/apps/frontend/src/components/map/overlays/MGBOverlay.tsx", "TypeScript JSX", 0, 0, 0, 0, 0, 0, 37, 0, 0, 0, 0, 0, 0, 0, 0, 5, 9, 51
"/Users/Doanh/Documents/TermD2024-2025/CS3733/team-f/apps/frontend/src/components/map/routeCalculator.tsx", "TypeScript JSX", 0, 0, 0, 0, 0, 0, 29, 0, 0, 0, 0, 0, 0, 0, 0, 2, 3, 34
"/Users/Doanh/Documents/TermD2024-2025/CS3733/team-f/apps/frontend/src/components/navigation/pathfinding/Graph.ts", "TypeScript", 121, 0, 0, 0, 0, 0, 0, 0, 0, 0, 0, 0, 0, 0, 0, 55, 40, 216
"/Users/Doanh/Documents/TermD2024-2025/CS3733/team-f/apps/frontend/src/components/navigation/pathfinding/drawingPath.tsx", "TypeScript JSX", 0, 0, 0, 0, 0, 0, 135, 0, 0, 0, 0, 0, 0, 0, 0, 21, 28, 184
"/Users/Doanh/Documents/TermD2024-2025/CS3733/team-f/apps/frontend/src/components/navigation/pathfinding/hospitalNodes.ts", "TypeScript", 457, 0, 0, 0, 0, 0, 0, 0, 0, 0, 0, 0, 0, 0, 0, 1, 10, 468
"/Users/Doanh/Documents/TermD2024-2025/CS3733/team-f/apps/frontend/src/components/serviceRequest/RequestForm.tsx", "TypeScript JSX", 0, 0, 0, 0, 0, 0, 230, 0, 0, 0, 0, 0, 0, 0, 0, 2, 31, 263
"/Users/Doanh/Documents/TermD2024-2025/CS3733/team-f/apps/frontend/src/components/serviceRequest/formTypeButton.tsx", "TypeScript JSX", 0, 0, 0, 0, 0, 0, 17, 0, 0, 0, 0, 0, 0, 0, 0, 0, 5, 22
"/Users/Doanh/Documents/TermD2024-2025/CS3733/team-f/apps/frontend/src/components/serviceRequest/inputFields/ServiceComponentInputBox.tsx", "TypeScript JSX", 0, 0, 0, 0, 0, 0, 51, 0, 0, 0, 0, 0, 0, 0, 0, 25, 4, 80
"/Users/Doanh/Documents/TermD2024-2025/CS3733/team-f/apps/frontend/src/components/serviceRequest/inputFields/textInput.tsx", "TypeScript JSX", 0, 0, 0, 0, 0, 0, 36, 0, 0, 0, 0, 0, 0, 0, 0, 0, 4, 40
"/Users/Doanh/Documents/TermD2024-2025/CS3733/team-f/apps/frontend/src/components/serviceRequest/modal.tsx", "TypeScript JSX", 0, 0, 0, 0, 0, 0, 35, 0, 0, 0, 0, 0, 0, 0, 0, 0, 8, 43
"/Users/Doanh/Documents/TermD2024-2025/CS3733/team-f/apps/frontend/src/components/serviceRequest/serviceForm.css", "CSS", 0, 0, 0, 0, 0, 0, 0, 35, 0, 0, 0, 0, 0, 0, 0, 1, 5, 41
"/Users/Doanh/Documents/TermD2024-2025/CS3733/team-f/apps/frontend/src/components/serviceRequest/serviceFormSideBar.tsx", "TypeScript JSX", 0, 0, 0, 0, 0, 0, 54, 0, 0, 0, 0, 0, 0, 0, 0, 0, 11, 65
"/Users/Doanh/Documents/TermD2024-2025/CS3733/team-f/apps/frontend/src/components/serviceRequest/sideNavigation.tsx", "TypeScript JSX", 0, 0, 0, 0, 0, 0, 32, 0, 0, 0, 0, 0, 0, 0, 0, 2, 7, 41
"/Users/Doanh/Documents/TermD2024-2025/CS3733/team-f/apps/frontend/src/components/signIn/CreateAccountButton.tsx", "TypeScript JSX", 0, 0, 0, 0, 0, 0, 20, 0, 0, 0, 0, 0, 0, 0, 0, 2, 2, 24
"/Users/Doanh/Documents/TermD2024-2025/CS3733/team-f/apps/frontend/src/components/signIn/CreateAccountForm.tsx", "TypeScript JSX", 0, 0, 0, 0, 0, 0, 49, 0, 0, 0, 0, 0, 0, 0, 0, 0, 4, 53
"/Users/Doanh/Documents/TermD2024-2025/CS3733/team-f/apps/frontend/src/components/signIn/InputBox.tsx", "TypeScript JSX", 0, 0, 0, 0, 0, 0, 19, 0, 0, 0, 0, 0, 0, 0, 0, 0, 1, 20
"/Users/Doanh/Documents/TermD2024-2025/CS3733/team-f/apps/frontend/src/components/signIn/InputHeader.tsx", "TypeScript JSX", 0, 0, 0, 0, 0, 0, 6, 0, 0, 0, 0, 0, 0, 0, 0, 0, 1, 7
"/Users/Doanh/Documents/TermD2024-2025/CS3733/team-f/apps/frontend/src/components/signIn/ShowPasswordButton.tsx", "TypeScript JSX", 0, 0, 0, 0, 0, 0, 16, 0, 0, 0, 0, 0, 0, 0, 0, 1, 1, 18
"/Users/Doanh/Documents/TermD2024-2025/CS3733/team-f/apps/frontend/src/components/signIn/SignInForm.tsx", "TypeScript JSX", 0, 0, 0, 0, 0, 0, 45, 0, 0, 0, 0, 0, 0, 0, 0, 12, 3, 60
"/Users/Doanh/Documents/TermD2024-2025/CS3733/team-f/apps/frontend/src/components/signIn/SubmitPasswordButton.tsx", "TypeScript JSX", 0, 0, 0, 0, 0, 0, 7, 0, 0, 0, 0, 0, 0, 0, 0, 0, 1, 8
"/Users/Doanh/Documents/TermD2024-2025/CS3733/team-f/apps/frontend/src/components/ui/3d-marquee.tsx", "TypeScript JSX", 0, 0, 0, 0, 0, 0, 138, 0, 0, 0, 0, 0, 0, 0, 0, 1, 4, 143
"/Users/Doanh/Documents/TermD2024-2025/CS3733/team-f/apps/frontend/src/components/ui/DisplayLottie.tsx", "TypeScript JSX", 0, 0, 0, 0, 0, 0, 35, 0, 0, 0, 0, 0, 0, 0, 0, 0, 6, 41
"/Users/Doanh/Documents/TermD2024-2025/CS3733/team-f/apps/frontend/src/components/ui/background-lines.tsx", "TypeScript JSX", 0, 0, 0, 0, 0, 0, 142, 0, 0, 0, 0, 0, 0, 0, 0, 1, 6, 149
"/Users/Doanh/Documents/TermD2024-2025/CS3733/team-f/apps/frontend/src/components/ui/container-scroll-animation.tsx", "TypeScript JSX", 0, 0, 0, 0, 0, 0, 92, 0, 0, 0, 0, 0, 0, 0, 0, 0, 10, 102
"/Users/Doanh/Documents/TermD2024-2025/CS3733/team-f/apps/frontend/src/components/ui/container-text-flip.tsx", "TypeScript JSX", 0, 0, 0, 0, 0, 0, 86, 0, 0, 0, 0, 0, 0, 0, 0, 9, 10, 105
"/Users/Doanh/Documents/TermD2024-2025/CS3733/team-f/apps/frontend/src/components/ui/hero-parallax.tsx", "TypeScript JSX", 0, 0, 0, 0, 0, 0, 144, 0, 0, 0, 0, 0, 0, 0, 0, 13, 8, 165
"/Users/Doanh/Documents/TermD2024-2025/CS3733/team-f/apps/frontend/src/components/ui/macbook-scroll.tsx", "TypeScript JSX", 0, 0, 0, 0, 0, 0, 615, 0, 0, 0, 0, 0, 0, 0, 0, 28, 17, 660
"/Users/Doanh/Documents/TermD2024-2025/CS3733/team-f/apps/frontend/src/components/ui/text-generate-effect.tsx", "TypeScript JSX", 0, 0, 0, 0, 0, 0, 59, 0, 0, 0, 0, 0, 0, 0, 0, 0, 4, 63
"/Users/Doanh/Documents/TermD2024-2025/CS3733/team-f/apps/frontend/src/lib/trpc.ts", "TypeScript", 3, 0, 0, 0, 0, 0, 0, 0, 0, 0, 0, 0, 0, 0, 0, 0, 1, 4
"/Users/Doanh/Documents/TermD2024-2025/CS3733/team-f/apps/frontend/src/lib/utils.ts", "TypeScript", 7, 0, 0, 0, 0, 0, 0, 0, 0, 0, 0, 0, 0, 0, 0, 0, 5, 12
"/Users/Doanh/Documents/TermD2024-2025/CS3733/team-f/apps/frontend/src/main.tsx", "TypeScript JSX", 0, 0, 0, 0, 0, 0, 9, 0, 0, 0, 0, 0, 0, 0, 0, 1, 2, 12
"/Users/Doanh/Documents/TermD2024-2025/CS3733/team-f/apps/frontend/src/routes/AboutUs.tsx", "TypeScript JSX", 0, 0, 0, 0, 0, 0, 27, 0, 0, 0, 0, 0, 0, 0, 0, 0, 2, 29
"/Users/Doanh/Documents/TermD2024-2025/CS3733/team-f/apps/frontend/src/routes/CreateAccountPage.tsx", "TypeScript JSX", 0, 0, 0, 0, 0, 0, 14, 0, 0, 0, 0, 0, 0, 0, 0, 0, 2, 16
"/Users/Doanh/Documents/TermD2024-2025/CS3733/team-f/apps/frontend/src/routes/DepartmentDirectory.tsx", "TypeScript JSX", 0, 0, 0, 0, 0, 0, 32, 0, 0, 0, 0, 0, 0, 0, 0, 8, 6, 46
"/Users/Doanh/Documents/TermD2024-2025/CS3733/team-f/apps/frontend/src/routes/DepartmentRoutes.tsx", "TypeScript JSX", 0, 0, 0, 0, 0, 0, 11, 0, 0, 0, 0, 0, 0, 0, 0, 0, 2, 13
"/Users/Doanh/Documents/TermD2024-2025/CS3733/team-f/apps/frontend/src/routes/DirectoryPage.tsx", "TypeScript JSX", 0, 0, 0, 0, 0, 0, 115, 0, 0, 0, 0, 0, 0, 0, 0, 6, 20, 141
"/Users/Doanh/Documents/TermD2024-2025/CS3733/team-f/apps/frontend/src/routes/NavigationPage.tsx", "TypeScript JSX", 0, 0, 0, 0, 0, 0, 12, 0, 0, 0, 0, 0, 0, 0, 0, 0, 3, 15
"/Users/Doanh/Documents/TermD2024-2025/CS3733/team-f/apps/frontend/src/routes/PathFindingPage.tsx", "TypeScript JSX", 0, 0, 0, 0, 0, 0, 9, 0, 0, 0, 0, 0, 0, 0, 0, 0, 1, 10
"/Users/Doanh/Documents/TermD2024-2025/CS3733/team-f/apps/frontend/src/routes/RequestListPage.tsx", "TypeScript JSX", 0, 0, 0, 0, 0, 0, 108, 0, 0, 0, 0, 0, 0, 0, 0, 6, 16, 130
"/Users/Doanh/Documents/TermD2024-2025/CS3733/team-f/apps/frontend/src/routes/ServiceRequestPage.tsx", "TypeScript JSX", 0, 0, 0, 0, 0, 0, 22, 0, 0, 0, 0, 0, 0, 0, 0, 0, 5, 27
"/Users/Doanh/Documents/TermD2024-2025/CS3733/team-f/apps/frontend/src/routes/SignInPage.tsx", "TypeScript JSX", 0, 0, 0, 0, 0, 0, 12, 0, 0, 0, 0, 0, 0, 0, 0, 0, 2, 14
"/Users/Doanh/Documents/TermD2024-2025/CS3733/team-f/apps/frontend/src/routes/WelcomePage.tsx", "TypeScript JSX", 0, 0, 0, 0, 0, 0, 32, 0, 0, 0, 0, 0, 0, 0, 0, 0, 2, 34
"/Users/Doanh/Documents/TermD2024-2025/CS3733/team-f/apps/frontend/src/styles/mainStyles.css", "CSS", 0, 0, 0, 0, 0, 0, 0, 232, 0, 0, 0, 0, 0, 0, 0, 2, 16, 250
"/Users/Doanh/Documents/TermD2024-2025/CS3733/team-f/apps/frontend/src/types.tsx", "TypeScript JSX", 0, 0, 0, 0, 0, 0, 10, 0, 0, 0, 0, 0, 0, 0, 0, 0, 6, 16
"/Users/Doanh/Documents/TermD2024-2025/CS3733/team-f/apps/frontend/src/vite-env.d.ts", "TypeScript", 0, 0, 0, 0, 0, 0, 0, 0, 0, 0, 0, 0, 0, 0, 0, 1, 1, 2
"/Users/Doanh/Documents/TermD2024-2025/CS3733/team-f/apps/frontend/tsconfig.json", "JSON with Comments", 0, 0, 0, 13, 0, 0, 0, 0, 0, 0, 0, 0, 0, 0, 0, 0, 1, 14
"/Users/Doanh/Documents/TermD2024-2025/CS3733/team-f/apps/frontend/tsconfig.node.json", "JSON", 0, 0, 9, 0, 0, 0, 0, 0, 0, 0, 0, 0, 0, 0, 0, 0, 1, 10
"/Users/Doanh/Documents/TermD2024-2025/CS3733/team-f/apps/frontend/turbo.json", "JSON", 0, 0, 12, 0, 0, 0, 0, 0, 0, 0, 0, 0, 0, 0, 0, 0, 1, 13
"/Users/Doanh/Documents/TermD2024-2025/CS3733/team-f/apps/frontend/vite.config.ts", "TypeScript", 33, 0, 0, 0, 0, 0, 0, 0, 0, 0, 0, 0, 0, 0, 0, 1, 2, 36
"/Users/Doanh/Documents/TermD2024-2025/CS3733/team-f/configs/eslint-config-custom/.prettierrc.cjs", "JavaScript", 0, 1, 0, 0, 0, 0, 0, 0, 0, 0, 0, 0, 0, 0, 0, 0, 1, 2
"/Users/Doanh/Documents/TermD2024-2025/CS3733/team-f/configs/eslint-config-custom/eslint.config.js", "JavaScript", 0, 36, 0, 0, 0, 0, 0, 0, 0, 0, 0, 0, 0, 0, 0, 0, 3, 39
"/Users/Doanh/Documents/TermD2024-2025/CS3733/team-f/configs/eslint-config-custom/package.json", "JSON", 0, 0, 20, 0, 0, 0, 0, 0, 0, 0, 0, 0, 0, 0, 0, 0, 1, 21
"/Users/Doanh/Documents/TermD2024-2025/CS3733/team-f/configs/prettier-config-custom/.prettierrc.cjs", "JavaScript", 0, 7, 0, 0, 0, 0, 0, 0, 0, 0, 0, 0, 0, 0, 0, 1, 2, 10
"/Users/Doanh/Documents/TermD2024-2025/CS3733/team-f/configs/prettier-config-custom/package.json", "JSON", 0, 0, 13, 0, 0, 0, 0, 0, 0, 0, 0, 0, 0, 0, 0, 0, 1, 14
"/Users/Doanh/Documents/TermD2024-2025/CS3733/team-f/configs/ts-config-custom/.prettierrc.cjs", "JavaScript", 0, 1, 0, 0, 0, 0, 0, 0, 0, 0, 0, 0, 0, 0, 0, 0, 1, 2
"/Users/Doanh/Documents/TermD2024-2025/CS3733/team-f/configs/ts-config-custom/package.json", "JSON", 0, 0, 14, 0, 0, 0, 0, 0, 0, 0, 0, 0, 0, 0, 0, 0, 1, 15
"/Users/Doanh/Documents/TermD2024-2025/CS3733/team-f/configs/ts-config-custom/tsconfig.base.json", "JSON", 0, 0, 17, 0, 0, 0, 0, 0, 0, 0, 0, 0, 0, 0, 0, 0, 1, 18
"/Users/Doanh/Documents/TermD2024-2025/CS3733/team-f/docker/Dockerfile", "Docker", 0, 0, 0, 0, 0, 0, 0, 0, 0, 0, 0, 0, 0, 24, 0, 17, 18, 59
"/Users/Doanh/Documents/TermD2024-2025/CS3733/team-f/docker/docker-compose.yml", "YAML", 0, 0, 0, 0, 0, 25, 0, 0, 0, 0, 0, 0, 0, 0, 0, 1, 1, 27
"/Users/Doanh/Documents/TermD2024-2025/CS3733/team-f/docker/nginx.conf", "Properties", 0, 0, 0, 0, 0, 0, 0, 0, 0, 0, 0, 0, 0, 0, 17, 2, 3, 22
"/Users/Doanh/Documents/TermD2024-2025/CS3733/team-f/docker/start.sh", "Shell Script", 0, 0, 0, 0, 0, 0, 0, 0, 0, 0, 15, 0, 0, 0, 0, 6, 6, 27
"/Users/Doanh/Documents/TermD2024-2025/CS3733/team-f/eslint.config.js", "JavaScript", 0, 2, 0, 0, 0, 0, 0, 0, 0, 0, 0, 0, 0, 0, 0, 0, 2, 4
"/Users/Doanh/Documents/TermD2024-2025/CS3733/team-f/package.json", "JSON", 0, 0, 67, 0, 0, 0, 0, 0, 0, 0, 0, 0, 0, 0, 0, 0, 1, 68
"/Users/Doanh/Documents/TermD2024-2025/CS3733/team-f/packages/common/.prettierrc.cjs", "JavaScript", 0, 1, 0, 0, 0, 0, 0, 0, 0, 0, 0, 0, 0, 0, 0, 0, 1, 2
"/Users/Doanh/Documents/TermD2024-2025/CS3733/team-f/packages/common/eslint.config.js", "JavaScript", 0, 2, 0, 0, 0, 0, 0, 0, 0, 0, 0, 0, 0, 0, 0, 0, 2, 4
"/Users/Doanh/Documents/TermD2024-2025/CS3733/team-f/packages/common/package.json", "JSON", 0, 0, 16, 0, 0, 0, 0, 0, 0, 0, 0, 0, 0, 0, 0, 0, 1, 17
"/Users/Doanh/Documents/TermD2024-2025/CS3733/team-f/packages/common/readme.md", "Markdown", 0, 0, 0, 0, 11, 0, 0, 0, 0, 0, 0, 0, 0, 0, 0, 0, 5, 16
"/Users/Doanh/Documents/TermD2024-2025/CS3733/team-f/packages/common/src/constants.ts", "TypeScript", 5, 0, 0, 0, 0, 0, 0, 0, 0, 0, 0, 0, 0, 0, 0, 0, 1, 6
"/Users/Doanh/Documents/TermD2024-2025/CS3733/team-f/packages/common/tsconfig.json", "JSON with Comments", 0, 0, 0, 11, 0, 0, 0, 0, 0, 0, 0, 0, 0, 0, 0, 0, 1, 12
"/Users/Doanh/Documents/TermD2024-2025/CS3733/team-f/packages/database/.prettierrc.cjs", "JavaScript", 0, 1, 0, 0, 0, 0, 0, 0, 0, 0, 0, 0, 0, 0, 0, 0, 1, 2
"/Users/Doanh/Documents/TermD2024-2025/CS3733/team-f/packages/database/eslint.config.js", "JavaScript", 0, 2, 0, 0, 0, 0, 0, 0, 0, 0, 0, 0, 0, 0, 0, 0, 2, 4
"/Users/Doanh/Documents/TermD2024-2025/CS3733/team-f/packages/database/package.json", "JSON", 0, 0, 49, 0, 0, 0, 0, 0, 0, 0, 0, 0, 0, 0, 0, 0, 1, 50
"/Users/Doanh/Documents/TermD2024-2025/CS3733/team-f/packages/database/prisma/migrations/20250330203645_employee_and_language_tables/migration.sql", "PL/SQL", 0, 0, 0, 0, 0, 0, 0, 0, 0, 0, 0, 0, 15, 0, 0, 3, 5, 23
"/Users/Doanh/Documents/TermD2024-2025/CS3733/team-f/packages/database/prisma/migrations/20250401010619_employee_update/migration.sql", "PL/SQL", 0, 0, 0, 0, 0, 0, 0, 0, 0, 0, 0, 0, 8, 0, 0, 12, 4, 24
"/Users/Doanh/Documents/TermD2024-2025/CS3733/team-f/packages/database/prisma/migrations/20250401011001_undo_employee_changes_im_dumb/migration.sql", "PL/SQL", 0, 0, 0, 0, 0, 0, 0, 0, 0, 0, 0, 0, 6, 0, 0, 10, 4, 20
"/Users/Doanh/Documents/TermD2024-2025/CS3733/team-f/packages/database/prisma/migrations/20250401230444_language_request_update/migration.sql", "PL/SQL", 0, 0, 0, 0, 0, 0, 0, 0, 0, 0, 0, 0, 1, 0, 0, 1, 1, 3
"/Users/Doanh/Documents/TermD2024-2025/CS3733/team-f/packages/database/prisma/migrations/20250404155056_general_service_request_table_change/migration.sql", "PL/SQL", 0, 0, 0, 0, 0, 0, 0, 0, 0, 0, 0, 0, 12, 0, 0, 10, 5, 27
"/Users/Doanh/Documents/TermD2024-2025/CS3733/team-f/packages/database/prisma/migrations/20250407171658_request_table_changes/migration.sql", "PL/SQL", 0, 0, 0, 0, 0, 0, 0, 0, 0, 0, 0, 0, 15, 0, 0, 10, 5, 30
"/Users/Doanh/Documents/TermD2024-2025/CS3733/team-f/packages/database/prisma/migrations/20250408000417_directory_table/migration.sql", "PL/SQL", 0, 0, 0, 0, 0, 0, 0, 0, 0, 0, 0, 0, 12, 0, 0, 10, 5, 27
"/Users/Doanh/Documents/TermD2024-2025/CS3733/team-f/packages/database/prisma/migrations/20250408013313_adding_user/migration.sql", "PL/SQL", 0, 0, 0, 0, 0, 0, 0, 0, 0, 0, 0, 0, 12, 0, 0, 10, 5, 27
"/Users/Doanh/Documents/TermD2024-2025/CS3733/team-f/packages/database/prisma/migrations/20250408160816_comments/migration.sql", "PL/SQL", 0, 0, 0, 0, 0, 0, 0, 0, 0, 0, 0, 0, 9, 0, 0, 10, 4, 23
"/Users/Doanh/Documents/TermD2024-2025/CS3733/team-f/packages/database/readme.md", "Markdown", 0, 0, 0, 0, 56, 0, 0, 0, 0, 0, 0, 0, 0, 0, 0, 0, 23, 79
"/Users/Doanh/Documents/TermD2024-2025/CS3733/team-f/packages/database/seed.ts", "TypeScript", 21, 0, 0, 0, 0, 0, 0, 0, 0, 0, 0, 0, 0, 0, 0, 0, 5, 26
"/Users/Doanh/Documents/TermD2024-2025/CS3733/team-f/packages/database/src/functions.ts", "TypeScript", 71, 0, 0, 0, 0, 0, 0, 0, 0, 0, 0, 0, 0, 0, 0, 2, 6, 79
"/Users/Doanh/Documents/TermD2024-2025/CS3733/team-f/packages/database/src/index.ts", "TypeScript", 2, 0, 0, 0, 0, 0, 0, 0, 0, 0, 0, 0, 0, 0, 0, 0, 1, 3
"/Users/Doanh/Documents/TermD2024-2025/CS3733/team-f/packages/database/tsconfig.json", "JSON with Comments", 0, 0, 0, 10, 0, 0, 0, 0, 0, 0, 0, 0, 0, 0, 0, 0, 1, 11
"/Users/Doanh/Documents/TermD2024-2025/CS3733/team-f/packages/database/turbo.json", "JSON", 0, 0, 15, 0, 0, 0, 0, 0, 0, 0, 0, 0, 0, 0, 0, 0, 1, 16
"/Users/Doanh/Documents/TermD2024-2025/CS3733/team-f/readme.md", "Markdown", 0, 0, 0, 0, 329, 0, 0, 0, 0, 0, 0, 0, 0, 0, 0, 0, 120, 449
"/Users/Doanh/Documents/TermD2024-2025/CS3733/team-f/scripts/deploy.sh", "Shell Script", 0, 0, 0, 0, 0, 0, 0, 0, 0, 0, 27, 0, 0, 0, 0, 8, 9, 44
"/Users/Doanh/Documents/TermD2024-2025/CS3733/team-f/scripts/setup.sh", "Shell Script", 0, 0, 0, 0, 0, 0, 0, 0, 0, 0, 21, 0, 0, 0, 0, 5, 5, 31
"/Users/Doanh/Documents/TermD2024-2025/CS3733/team-f/tsconfig.json", "JSON with Comments", 0, 0, 0, 16, 0, 0, 0, 0, 0, 0, 0, 0, 0, 0, 0, 0, 1, 17
"/Users/Doanh/Documents/TermD2024-2025/CS3733/team-f/turbo.json", "JSON", 0, 0, 54, 0, 0, 0, 0, 0, 0, 0, 0, 0, 0, 0, 0, 0, 1, 55
"/Users/Doanh/Documents/TermD2024-2025/CS3733/team-f/vitest.config.ts", "TypeScript", 17, 0, 0, 0, 0, 0, 0, 0, 0, 0, 0, 0, 0, 0, 0, 0, 2, 19
"/Users/Doanh/Documents/TermD2024-2025/CS3733/team-f/vitest.workspace.ts", "TypeScript", 2, 0, 0, 0, 0, 0, 0, 0, 0, 0, 0, 0, 0, 0, 0, 0, 2, 4
"Total", "-", 1179, 1127, 514, 61, 597, 92, 4017, 267, 14, 1, 63, 24, 90, 24, 17, 1082, 1231, 10400